item,value,period.start,period.end,unit,decimals
Sales Revenue Net,1.82795E+11,9/29/2013,9/27/2014,usd,-6
Sales Revenue Net,30283000000,9/29/2013,9/27/2014,usd,-6
Sales Revenue Net,1.01991E+11,9/29/2013,9/27/2014,usd,-6
Sales Revenue Net,24079000000,9/29/2013,9/27/2014,usd,-6
Sales Revenue Net,8379000000,9/29/2013,9/27/2014,usd,-6
Sales Revenue Net,18063000000,9/29/2013,9/27/2014,usd,-6
Sales Revenue Net,80095000000,9/29/2013,9/27/2014,usd,-6
Sales Revenue Net,44285000000,9/29/2013,9/27/2014,usd,-6
Sales Revenue Net,31853000000,9/29/2013,9/27/2014,usd,-6
Sales Revenue Net,15314000000,9/29/2013,9/27/2014,usd,-6
Sales Revenue Net,11248000000,9/29/2013,9/27/2014,usd,-6
Sales Revenue Net,83248000000,9/29/2013,9/27/2014,usd,-6
Sales Revenue Net,30638000000,9/29/2013,9/27/2014,usd,-6
Sales Revenue Net,68909000000,9/29/2013,9/27/2014,usd,-6
Sales Revenue Net,74599000000,9/28/2014,12/27/2014,usd,-6
Sales Revenue Net,58010000000,12/28/2014,3/28/2015,usd,-6
Sales Revenue Net,49605000000,3/29/2015,6/27/2015,usd,-6
Sales Revenue Net,51501000000,6/28/2015,9/26/2015,usd,-6
Sales Revenue Net,2.33715E+11,9/28/2014,9/26/2015,usd,-6
Sales Revenue Net,2432000000,9/28/2014,9/26/2015,usd,-6
Sales Revenue Net,23227000000,9/28/2014,9/26/2015,usd,-6
Sales Revenue Net,1.55041E+11,9/28/2014,9/26/2015,usd,-6
Sales Revenue Net,25471000000,9/28/2014,9/26/2015,usd,-6
Sales Revenue Net,10067000000,9/28/2014,9/26/2015,usd,-6
Sales Revenue Net,19909000000,9/28/2014,9/26/2015,usd,-6
Sales Revenue Net,93864000000,9/28/2014,9/26/2015,usd,-6
Sales Revenue Net,50337000000,9/28/2014,9/26/2015,usd,-6
Sales Revenue Net,58715000000,9/28/2014,9/26/2015,usd,-6
Sales Revenue Net,15706000000,9/28/2014,9/26/2015,usd,-6
Sales Revenue Net,15093000000,9/28/2014,9/26/2015,usd,-6
Sales Revenue Net,95436000000,9/28/2014,9/26/2015,usd,-6
Sales Revenue Net,56547000000,9/28/2014,9/26/2015,usd,-6
Sales Revenue Net,81732000000,9/28/2014,9/26/2015,usd,-6
Sales Revenue Net,75872000000,9/27/2015,12/26/2015,usd,-6
Sales Revenue Net,50557000000,12/27/2015,3/26/2016,usd,-6
Sales Revenue Net,42358000000,3/27/2016,6/25/2016,usd,-6
Sales Revenue Net,46852000000,6/26/2016,9/24/2016,usd,-6
Sales Revenue Net,2.15639E+11,9/27/2015,9/24/2016,usd,-6
Sales Revenue Net,865000000,9/27/2015,9/24/2016,usd,-6
Sales Revenue Net,20628000000,9/27/2015,9/24/2016,usd,-6
Sales Revenue Net,1.367E+11,9/27/2015,9/24/2016,usd,-6
Sales Revenue Net,22831000000,9/27/2015,9/24/2016,usd,-6
Sales Revenue Net,11132000000,9/27/2015,9/24/2016,usd,-6
Sales Revenue Net,24348000000,9/27/2015,9/24/2016,usd,-6
Sales Revenue Net,86613000000,9/27/2015,9/24/2016,usd,-6
Sales Revenue Net,49952000000,9/27/2015,9/24/2016,usd,-6
Sales Revenue Net,48492000000,9/27/2015,9/24/2016,usd,-6
Sales Revenue Net,16928000000,9/27/2015,9/24/2016,usd,-6
Sales Revenue Net,13654000000,9/27/2015,9/24/2016,usd,-6
Sales Revenue Net,93623000000,9/27/2015,9/24/2016,usd,-6
Sales Revenue Net,46349000000,9/27/2015,9/24/2016,usd,-6
Sales Revenue Net,75667000000,9/27/2015,9/24/2016,usd,-6
Cost Of Goods And Services Sold,1.12258E+11,9/29/2013,9/27/2014,usd,-6
Cost Of Goods And Services Sold,1.40089E+11,9/28/2014,9/26/2015,usd,-6
Cost Of Goods And Services Sold,-2168000000,9/28/2014,9/26/2015,usd,-6
Cost Of Goods And Services Sold,1.31376E+11,9/27/2015,9/24/2016,usd,-6
Cost Of Goods And Services Sold,-130000000,9/27/2015,9/24/2016,usd,-6
Gross Profit,70537000000,9/29/2013,9/27/2014,usd,-6
Gross Profit,29741000000,9/28/2014,12/27/2014,usd,-6
Gross Profit,23656000000,12/28/2014,3/28/2015,usd,-6
Gross Profit,19681000000,3/29/2015,6/27/2015,usd,-6
Gross Profit,20548000000,6/28/2015,9/26/2015,usd,-6
Gross Profit,93626000000,9/28/2014,9/26/2015,usd,-6
Gross Profit,30423000000,9/27/2015,12/26/2015,usd,-6
Gross Profit,19921000000,12/27/2015,3/26/2016,usd,-6
Gross Profit,16106000000,3/27/2016,6/25/2016,usd,-6
Gross Profit,17813000000,6/26/2016,9/24/2016,usd,-6
Gross Profit,84263000000,9/27/2015,9/24/2016,usd,-6
Research And Development Expense,6041000000,9/29/2013,9/27/2014,usd,-6
Research And Development Expense,6041000000,9/29/2013,9/27/2014,usd,-6
Research And Development Expense,8067000000,9/28/2014,9/26/2015,usd,-6
Research And Development Expense,8067000000,9/28/2014,9/26/2015,usd,-6
Research And Development Expense,10045000000,9/27/2015,9/24/2016,usd,-6
Research And Development Expense,10045000000,9/27/2015,9/24/2016,usd,-6
Selling General And Administrative Expense,11993000000,9/29/2013,9/27/2014,usd,-6
Selling General And Administrative Expense,14329000000,9/28/2014,9/26/2015,usd,-6
Selling General And Administrative Expense,14194000000,9/27/2015,9/24/2016,usd,-6
Operating Expenses,18034000000,9/29/2013,9/27/2014,usd,-6
Operating Expenses,22396000000,9/28/2014,9/26/2015,usd,-6
Operating Expenses,24239000000,9/27/2015,9/24/2016,usd,-6
Operating Income Loss,52503000000,9/29/2013,9/27/2014,usd,-6
Operating Income Loss,62209000000,9/29/2013,9/27/2014,usd,-6
Operating Income Loss,26158000000,9/29/2013,9/27/2014,usd,-6
Operating Income Loss,14434000000,9/29/2013,9/27/2014,usd,-6
Operating Income Loss,11039000000,9/29/2013,9/27/2014,usd,-6
Operating Income Loss,6904000000,9/29/2013,9/27/2014,usd,-6
Operating Income Loss,3674000000,9/29/2013,9/27/2014,usd,-6
Operating Income Loss,71230000000,9/28/2014,9/26/2015,usd,-6
Operating Income Loss,83850000000,9/28/2014,9/26/2015,usd,-6
Operating Income Loss,31186000000,9/28/2014,9/26/2015,usd,-6
Operating Income Loss,16527000000,9/28/2014,9/26/2015,usd,-6
Operating Income Loss,23002000000,9/28/2014,9/26/2015,usd,-6
Operating Income Loss,7617000000,9/28/2014,9/26/2015,usd,-6
Operating Income Loss,5518000000,9/28/2014,9/26/2015,usd,-6
Operating Income Loss,60024000000,9/27/2015,9/24/2016,usd,-6
Operating Income Loss,74301000000,9/27/2015,9/24/2016,usd,-6
Operating Income Loss,28172000000,9/27/2015,9/24/2016,usd,-6
Operating Income Loss,15348000000,9/27/2015,9/24/2016,usd,-6
Operating Income Loss,18835000000,9/27/2015,9/24/2016,usd,-6
Operating Income Loss,7165000000,9/27/2015,9/24/2016,usd,-6
Operating Income Loss,4781000000,9/27/2015,9/24/2016,usd,-6
Nonoperating Income Expense,980000000,9/29/2013,9/27/2014,usd,-6
Nonoperating Income Expense,1285000000,9/28/2014,9/26/2015,usd,-6
Nonoperating Income Expense,-456000000,9/28/2014,9/26/2015,usd,-6
Nonoperating Income Expense,-17000000,9/28/2014,9/26/2015,usd,-6
Nonoperating Income Expense,-91000000,9/28/2014,9/26/2015,usd,-6
Nonoperating Income Expense,1348000000,9/27/2015,9/24/2016,usd,-6
Nonoperating Income Expense,-111000000,9/27/2015,9/24/2016,usd,-6
Nonoperating Income Expense,-12000000,9/27/2015,9/24/2016,usd,-6
Nonoperating Income Expense,-87000000,9/27/2015,9/24/2016,usd,-6
Income Loss From Continuing Operations Before Income Taxes Extraordinary Items Noncontrolling Interest,53483000000,9/29/2013,9/27/2014,usd,-6
Income Loss From Continuing Operations Before Income Taxes Extraordinary Items Noncontrolling Interest,72515000000,9/28/2014,9/26/2015,usd,-6
Income Loss From Continuing Operations Before Income Taxes Extraordinary Items Noncontrolling Interest,4036000000,9/28/2014,9/26/2015,usd,-6
Income Loss From Continuing Operations Before Income Taxes Extraordinary Items Noncontrolling Interest,4127000000,9/28/2014,9/26/2015,usd,-6
Income Loss From Continuing Operations Before Income Taxes Extraordinary Items Noncontrolling Interest,61372000000,9/27/2015,9/24/2016,usd,-6
Income Loss From Continuing Operations Before Income Taxes Extraordinary Items Noncontrolling Interest,785000000,9/27/2015,9/24/2016,usd,-6
Income Loss From Continuing Operations Before Income Taxes Extraordinary Items Noncontrolling Interest,872000000,9/27/2015,9/24/2016,usd,-6
Income Tax Expense Benefit,13973000000,9/29/2013,9/27/2014,usd,-6
Income Tax Expense Benefit,19121000000,9/28/2014,9/26/2015,usd,-6
Income Tax Expense Benefit,15685000000,9/27/2015,9/24/2016,usd,-6
Net Income Loss,39510000000,9/29/2013,9/27/2014,usd,-6
Net Income Loss,0,9/29/2013,9/27/2014,usd,-6
Net Income Loss,0,9/29/2013,9/27/2014,usd,-6
Net Income Loss,39510000000,9/29/2013,9/27/2014,usd,-6
Net Income Loss,18024000000,9/28/2014,12/27/2014,usd,-6
Net Income Loss,13569000000,12/28/2014,3/28/2015,usd,-6
Net Income Loss,10677000000,3/29/2015,6/27/2015,usd,-6
Net Income Loss,11124000000,6/28/2015,9/26/2015,usd,-6
Net Income Loss,53394000000,9/28/2014,9/26/2015,usd,-6
Net Income Loss,0,9/28/2014,9/26/2015,usd,-6
Net Income Loss,0,9/28/2014,9/26/2015,usd,-6
Net Income Loss,53394000000,9/28/2014,9/26/2015,usd,-6
Net Income Loss,18361000000,9/27/2015,12/26/2015,usd,-6
Net Income Loss,10516000000,12/27/2015,3/26/2016,usd,-6
Net Income Loss,7796000000,3/27/2016,6/25/2016,usd,-6
Net Income Loss,9014000000,6/26/2016,9/24/2016,usd,-6
Net Income Loss,45687000000,9/27/2015,9/24/2016,usd,-6
Net Income Loss,0,9/27/2015,9/24/2016,usd,-6
Net Income Loss,0,9/27/2015,9/24/2016,usd,-6
Net Income Loss,45687000000,9/27/2015,9/24/2016,usd,-6
Earnings Per Share Basic,6.49,9/29/2013,9/27/2014,usdPerShare,2
Earnings Per Share Basic,3.08,9/28/2014,12/27/2014,usdPerShare,2
Earnings Per Share Basic,2.34,12/28/2014,3/28/2015,usdPerShare,2
Earnings Per Share Basic,1.86,3/29/2015,6/27/2015,usdPerShare,2
Earnings Per Share Basic,1.97,6/28/2015,9/26/2015,usdPerShare,2
Earnings Per Share Basic,9.28,9/28/2014,9/26/2015,usdPerShare,2
Earnings Per Share Basic,3.3,9/27/2015,12/26/2015,usdPerShare,2
Earnings Per Share Basic,1.91,12/27/2015,3/26/2016,usdPerShare,2
Earnings Per Share Basic,1.43,3/27/2016,6/25/2016,usdPerShare,2
Earnings Per Share Basic,1.68,6/26/2016,9/24/2016,usdPerShare,2
Earnings Per Share Basic,8.35,9/27/2015,9/24/2016,usdPerShare,2
Earnings Per Share Diluted,6.45,9/29/2013,9/27/2014,usdPerShare,2
Earnings Per Share Diluted,3.06,9/28/2014,12/27/2014,usdPerShare,2
Earnings Per Share Diluted,2.33,12/28/2014,3/28/2015,usdPerShare,2
Earnings Per Share Diluted,1.85,3/29/2015,6/27/2015,usdPerShare,2
Earnings Per Share Diluted,1.96,6/28/2015,9/26/2015,usdPerShare,2
Earnings Per Share Diluted,9.22,9/28/2014,9/26/2015,usdPerShare,2
Earnings Per Share Diluted,3.28,9/27/2015,12/26/2015,usdPerShare,2
Earnings Per Share Diluted,1.9,12/27/2015,3/26/2016,usdPerShare,2
Earnings Per Share Diluted,1.42,3/27/2016,6/25/2016,usdPerShare,2
Earnings Per Share Diluted,1.67,6/26/2016,9/24/2016,usdPerShare,2
Earnings Per Share Diluted,8.31,9/27/2015,9/24/2016,usdPerShare,2
Weighted Average Number Of Shares Outstanding Basic,6085572000,9/29/2013,9/27/2014,shares,-3
Weighted Average Number Of Shares Outstanding Basic,5753421000,9/28/2014,9/26/2015,shares,-3
Weighted Average Number Of Shares Outstanding Basic,5470820000,9/27/2015,9/24/2016,shares,-3
Weighted Average Number Of Diluted Shares Outstanding,6122663000,9/29/2013,9/27/2014,shares,-3
Weighted Average Number Of Diluted Shares Outstanding,5793069000,9/28/2014,9/26/2015,shares,-3
Weighted Average Number Of Diluted Shares Outstanding,5500281000,9/27/2015,9/24/2016,shares,-3
Common Stock Dividends Per Share Declared,1.82,9/29/2013,9/27/2014,usdPerShare,inf
Common Stock Dividends Per Share Declared,0.47,9/28/2014,12/27/2014,usdPerShare,inf
Common Stock Dividends Per Share Declared,0.47,12/28/2014,3/28/2015,usdPerShare,inf
Common Stock Dividends Per Share Declared,0.52,3/29/2015,6/27/2015,usdPerShare,inf
Common Stock Dividends Per Share Declared,0.52,6/28/2015,9/26/2015,usdPerShare,inf
Common Stock Dividends Per Share Declared,1.98,9/28/2014,9/26/2015,usdPerShare,inf
Common Stock Dividends Per Share Declared,0.52,9/27/2015,12/26/2015,usdPerShare,inf
Common Stock Dividends Per Share Declared,0.52,12/27/2015,3/26/2016,usdPerShare,inf
Common Stock Dividends Per Share Declared,0.57,3/27/2016,6/25/2016,usdPerShare,inf
Common Stock Dividends Per Share Declared,0.57,6/26/2016,9/24/2016,usdPerShare,inf
Common Stock Dividends Per Share Declared,2.18,9/27/2015,9/24/2016,usdPerShare,inf
